学科,模块,任务,主要要求,不可绕过要求,借力步骤,现有依据,规则,审核状态
"语文","现代文阅读","小说（文学类文本小说散文2选1）+戏剧","语言","语言","推演：先连接已知条件，写出每一步能推出什么；记忆：先回想并写下相关概念，再对照材料补全","阅读首先要求理解和组织文本，再调用推演与记忆。","chinese-reading","待教研复核"
"语文","现代文阅读","散文（文学类文本小说散文2选1）","语言","语言","推演：先连接已知条件，写出每一步能推出什么；记忆：先回想并写下相关概念，再对照材料补全","阅读首先要求理解和组织文本，再调用推演与记忆。","chinese-reading","待教研复核"
"语文","现代文阅读","信息文","语言","语言","语言：先用自己的话说清题目要求，再找出对应信息；推演：先连接已知条件，写出每一步能推出什么","信息文先要求理解和组织文本，推演用于连接证据与结论。","chinese-information-text","待教研复核"
"语文","古诗文阅读","文言文","语言","语言","推演：先连接已知条件，写出每一步能推出什么；记忆：先回想并写下相关概念，再对照材料补全","阅读首先要求理解和组织文本，再调用推演与记忆。","chinese-reading","待教研复核"
"语文","古诗文阅读","诗歌","语言","语言","推演：先连接已知条件，写出每一步能推出什么；记忆：先回想并写下相关概念，再对照材料补全","阅读首先要求理解和组织文本，再调用推演与记忆。","chinese-reading","待教研复核"
"语文","古诗文阅读","名篇名句默写","记忆","记忆、语言","语言：先用自己的话说清题目要求，再找出对应信息","核心动作是保持并提取已学材料。","chinese-recall","待教研复核"
"语文","语言文字运用","语言文字运用","语言","语言","语言：先用自己的话说清题目要求，再找出对应信息；推演：先连接已知条件，写出每一步能推出什么","任务直接考查语境理解与语言组织，规则判断和记忆提供支持。","chinese-language-use","待教研复核"
"语文","作文","作文","语言","语言","推演：先连接已知条件，写出每一步能推出什么；记忆：先回想并写下相关概念，再对照材料补全","成文的直接要求是组织与表达，推演和材料提取提供支持。","chinese-writing","待教研复核"
"数学","初高衔接","常见结论","推演","推演","","学科通用任务框架；具体节点待教研复核。","无具体路径规则","待教研复核"
"数学","初高衔接","指对运算","数理","数理","推演：先连接已知条件，写出每一步能推出什么；记忆：先回想并写下相关概念，再对照材料补全","任务直接处理数量、符号和变化，推演与公式提取提供支持。","math-quantitative","待教研复核"
"数学","初高衔接","一次函数的图像和性质","数理","数理、空间","空间：先画出对象和位置，标出题目给出的条件；推演：先连接已知条件，写出每一步能推出什么","函数关系以数量变化为主，图像结构可作为固定辅助入口。","math-function-visual","待教研复核"
"数学","初高衔接","二次函数的性质与图象","数理","数理、空间","空间：先画出对象和位置，标出题目给出的条件；推演：先连接已知条件，写出每一步能推出什么","函数关系以数量变化为主，图像结构可作为固定辅助入口。","math-function-visual","待教研复核"
"数学","初高衔接","不等式性质","数理","数理","推演：先连接已知条件，写出每一步能推出什么；记忆：先回想并写下相关概念，再对照材料补全","任务直接处理数量、符号和变化，推演与公式提取提供支持。","math-quantitative","待教研复核"
"数学","初高衔接","一元二次不等式","数理","数理","推演：先连接已知条件，写出每一步能推出什么；记忆：先回想并写下相关概念，再对照材料补全","任务直接处理数量、符号和变化，推演与公式提取提供支持。","math-quantitative","待教研复核"
"数学","初高衔接","其他不等式","数理","数理","推演：先连接已知条件，写出每一步能推出什么；记忆：先回想并写下相关概念，再对照材料补全","任务直接处理数量、符号和变化，推演与公式提取提供支持。","math-quantitative","待教研复核"
"数学","集合与常用逻辑用语","集合","数理","数理","推演：先连接已知条件，写出每一步能推出什么；记忆：先回想并写下相关概念，再对照材料补全","任务直接处理数量、符号和变化，推演与公式提取提供支持。","math-quantitative","待教研复核"
"数学","集合与常用逻辑用语","常用逻辑用语","推演","推演、数理","数理：先列出已知数量和单位，再写出它们的关系；推演：先连接已知条件，写出每一步能推出什么","核心动作是建立条件链并推演，符号处理提供支持。","math-reasoning","待教研复核"
"数学","基本不等式","基本不等式","数理","数理","推演：先连接已知条件，写出每一步能推出什么；记忆：先回想并写下相关概念，再对照材料补全","任务直接处理数量、符号和变化，推演与公式提取提供支持。","math-quantitative","待教研复核"
"数学","平面向量","向量的概念与线性运算","空间","空间、数理","推演：先连接已知条件，写出每一步能推出什么；数理：先列出已知数量和单位，再写出它们的关系","任务直接处理图形与位置，推演和数理支持证明与计算。","math-space","待教研复核"
"数学","平面向量","向量的坐标表示法和运算","空间","空间、数理","推演：先连接已知条件，写出每一步能推出什么；数理：先列出已知数量和单位，再写出它们的关系","任务直接处理图形与位置，推演和数理支持证明与计算。","math-space","待教研复核"
"数学","复数","复数","数理","数理","推演：先连接已知条件，写出每一步能推出什么；记忆：先回想并写下相关概念，再对照材料补全","任务直接处理数量、符号和变化，推演与公式提取提供支持。","math-quantitative","待教研复核"
"数学","三角函数与解三角形","三角函数基础","数理","数理","推演：先连接已知条件，写出每一步能推出什么；记忆：先回想并写下相关概念，再对照材料补全","任务直接处理数量、符号和变化，推演与公式提取提供支持。","math-quantitative","待教研复核"
"数学","三角函数与解三角形","三角函数图像与性质","数理","数理、空间","空间：先画出对象和位置，标出题目给出的条件；推演：先连接已知条件，写出每一步能推出什么","函数关系以数量变化为主，图像结构可作为固定辅助入口。","math-function-visual","待教研复核"
"数学","三角函数与解三角形","正余弦定理","推演","推演","","学科通用任务框架；具体节点待教研复核。","无具体路径规则","待教研复核"
"数学","数列","等差数列","推演","推演、数理","数理：先列出已知数量和单位，再写出它们的关系；推演：先连接已知条件，写出每一步能推出什么","核心动作是从变化中归纳并推出结论，数理与公式提取提供支持。","math-sequence","待教研复核"
"数学","数列","等比数列","推演","推演、数理","数理：先列出已知数量和单位，再写出它们的关系；推演：先连接已知条件，写出每一步能推出什么","核心动作是从变化中归纳并推出结论，数理与公式提取提供支持。","math-sequence","待教研复核"
"数学","数列","数列求通项","推演","推演、数理","数理：先列出已知数量和单位，再写出它们的关系；推演：先连接已知条件，写出每一步能推出什么","核心动作是从变化中归纳并推出结论，数理与公式提取提供支持。","math-sequence","待教研复核"
"数学","数列","数列求和","推演","推演、数理","数理：先列出已知数量和单位，再写出它们的关系；推演：先连接已知条件，写出每一步能推出什么","核心动作是从变化中归纳并推出结论，数理与公式提取提供支持。","math-sequence","待教研复核"
"数学","空间向量与立体几何空间几何体","空间几何体的结构及表面积与体积","空间","空间、数理","推演：先连接已知条件，写出每一步能推出什么；数理：先列出已知数量和单位，再写出它们的关系","任务直接处理图形与位置，推演和数理支持证明与计算。","math-space","待教研复核"
"数学","空间向量与立体几何空间几何体","点、直线、平面之间的位置关系","空间","空间、数理","推演：先连接已知条件，写出每一步能推出什么；数理：先列出已知数量和单位，再写出它们的关系","任务直接处理图形与位置，推演和数理支持证明与计算。","math-space","待教研复核"
"数学","空间向量与立体几何空间几何体","空间向量与立体几何","空间","空间、数理","推演：先连接已知条件，写出每一步能推出什么；数理：先列出已知数量和单位，再写出它们的关系","任务直接处理图形与位置，推演和数理支持证明与计算。","math-space","待教研复核"
"数学","计数原理与概率统计","统计","数理","数理","推演：先连接已知条件，写出每一步能推出什么","核心对象是数据、数量和概率关系，推演用于解释和判断。","math-statistics","待教研复核"
"数学","计数原理与概率统计","统计案例","数理","数理","推演：先连接已知条件，写出每一步能推出什么","核心对象是数据、数量和概率关系，推演用于解释和判断。","math-statistics","待教研复核"
"数学","计数原理与概率统计","计数原理","数理","数理","推演：先连接已知条件，写出每一步能推出什么","核心对象是数据、数量和概率关系，推演用于解释和判断。","math-statistics","待教研复核"
"数学","计数原理与概率统计","概率","数理","数理","推演：先连接已知条件，写出每一步能推出什么","核心对象是数据、数量和概率关系，推演用于解释和判断。","math-statistics","待教研复核"
"数学","计数原理与概率统计","随机变量及其分布","数理","数理","推演：先连接已知条件，写出每一步能推出什么","核心对象是数据、数量和概率关系，推演用于解释和判断。","math-statistics","待教研复核"
"数学","函数与导数","函数及其性质","数理","数理","推演：先连接已知条件，写出每一步能推出什么；记忆：先回想并写下相关概念，再对照材料补全","任务直接处理数量、符号和变化，推演与公式提取提供支持。","math-quantitative","待教研复核"
"数学","函数与导数","指对幂函数","数理","数理","推演：先连接已知条件，写出每一步能推出什么；记忆：先回想并写下相关概念，再对照材料补全","任务直接处理数量、符号和变化，推演与公式提取提供支持。","math-quantitative","待教研复核"
"数学","函数与导数","函数的应用","推演","推演、数理","数理：先列出已知数量和单位，再写出它们的关系；推演：先连接已知条件，写出每一步能推出什么","核心动作是建立条件链并推演，符号处理提供支持。","math-reasoning","待教研复核"
"数学","函数与导数","导数及其应用","推演","推演、数理","数理：先列出已知数量和单位，再写出它们的关系；推演：先连接已知条件，写出每一步能推出什么","核心动作是建立条件链并推演，符号处理提供支持。","math-reasoning","待教研复核"
"数学","平面解析几何","直线与方程","空间","空间、数理","推演：先连接已知条件，写出每一步能推出什么；数理：先列出已知数量和单位，再写出它们的关系","任务直接处理图形与位置，推演和数理支持证明与计算。","math-space","待教研复核"
"数学","平面解析几何","圆与方程","空间","空间、数理","推演：先连接已知条件，写出每一步能推出什么；数理：先列出已知数量和单位，再写出它们的关系","任务直接处理图形与位置，推演和数理支持证明与计算。","math-space","待教研复核"
"数学","平面解析几何","椭圆","空间","空间、数理","推演：先连接已知条件，写出每一步能推出什么；数理：先列出已知数量和单位，再写出它们的关系","任务直接处理图形与位置，推演和数理支持证明与计算。","math-space","待教研复核"
"数学","平面解析几何","双曲线","空间","空间、数理","推演：先连接已知条件，写出每一步能推出什么；数理：先列出已知数量和单位，再写出它们的关系","任务直接处理图形与位置，推演和数理支持证明与计算。","math-space","待教研复核"
"数学","平面解析几何","抛物线","空间","空间、数理","推演：先连接已知条件，写出每一步能推出什么；数理：先列出已知数量和单位，再写出它们的关系","任务直接处理图形与位置，推演和数理支持证明与计算。","math-space","待教研复核"
"数学","平面解析几何","拓展：直线与圆锥曲线的位置关系","空间","空间、数理","推演：先连接已知条件，写出每一步能推出什么；数理：先列出已知数量和单位，再写出它们的关系","任务直接处理图形与位置，推演和数理支持证明与计算。","math-space","待教研复核"
"英语","核心词汇","初阶词汇","记忆","记忆、语言","语言：先用自己的话说清题目要求，再找出对应信息","词汇学习的核心是信息保持与提取，语境理解提供辅助。","language-vocabulary-recall","待教研复核"
"英语","核心词汇","中阶词汇","记忆","记忆、语言","语言：先用自己的话说清题目要求，再找出对应信息","词汇学习的核心是信息保持与提取，语境理解提供辅助。","language-vocabulary-recall","待教研复核"
"英语","核心词汇","高阶词汇","记忆","记忆、语言","语言：先用自己的话说清题目要求，再找出对应信息","词汇学习的核心是信息保持与提取，语境理解提供辅助。","language-vocabulary-recall","待教研复核"
"英语","基础语法","五大句子类型","语言","语言","","学科通用任务框架；具体节点待教研复核。","无具体路径规则","待教研复核"
"英语","基础语法","八大句子成分","语言","语言","记忆：先回想并写下相关概念，再对照材料补全；推演：先连接已知条件，写出每一步能推出什么","语法的直接对象是语言结构，规则提取与关系判断提供支持。","language-grammar","待教研复核"
"英语","语法填空","名词","语言","语言","","学科通用任务框架；具体节点待教研复核。","无具体路径规则","待教研复核"
"英语","语法填空","形容词&副词","语言","语言","记忆：先回想并写下相关概念，再对照材料补全；推演：先连接已知条件，写出每一步能推出什么","语法的直接对象是语言结构，规则提取与关系判断提供支持。","language-grammar","待教研复核"
"英语","语法填空","动词","语言","语言","记忆：先回想并写下相关概念，再对照材料补全；推演：先连接已知条件，写出每一步能推出什么","语法的直接对象是语言结构，规则提取与关系判断提供支持。","language-grammar","待教研复核"
"英语","语法填空","介词","语言","语言","记忆：先回想并写下相关概念，再对照材料补全；推演：先连接已知条件，写出每一步能推出什么","语法的直接对象是语言结构，规则提取与关系判断提供支持。","language-grammar","待教研复核"
"英语","语法填空","代词&冠词","语言","语言","记忆：先回想并写下相关概念，再对照材料补全；推演：先连接已知条件，写出每一步能推出什么","语法的直接对象是语言结构，规则提取与关系判断提供支持。","language-grammar","待教研复核"
"英语","语法填空","连词","语言","语言","记忆：先回想并写下相关概念，再对照材料补全；推演：先连接已知条件，写出每一步能推出什么","语法的直接对象是语言结构，规则提取与关系判断提供支持。","language-grammar","待教研复核"
"英语","阅读","总论","语言","语言","","学科通用任务框架；具体节点待教研复核。","无具体路径规则","待教研复核"
"英语","阅读","长难句","语言","语言","推演：先连接已知条件，写出每一步能推出什么；记忆：先回想并写下相关概念，再对照材料补全","语篇理解是主任务，推演与信息提取用于完成判断。","language-reading","待教研复核"
"英语","阅读","细节理解","语言","语言","推演：先连接已知条件，写出每一步能推出什么；记忆：先回想并写下相关概念，再对照材料补全","语篇理解是主任务，推演与信息提取用于完成判断。","language-reading","待教研复核"
"英语","阅读","推理判断","推演","推演、语言","语言：先用自己的话说清题目要求，再找出对应信息；推演：先连接已知条件，写出每一步能推出什么","答案不能直接提取，需要在理解文本后完成推演。","language-inference","待教研复核"
"英语","阅读","词义猜测","语言","语言","","学科通用任务框架；具体节点待教研复核。","无具体路径规则","待教研复核"
"英语","阅读","主旨大意&选标题","推演","推演、语言","语言：先用自己的话说清题目要求，再找出对应信息；推演：先连接已知条件，写出每一步能推出什么","答案不能直接提取，需要在理解文本后完成推演。","language-inference","待教研复核"
"英语","七选五","总论","语言","语言","","学科通用任务框架；具体节点待教研复核。","无具体路径规则","待教研复核"
"英语","七选五","匹配关系","推演","推演、语言","语言：先用自己的话说清题目要求，再找出对应信息；推演：先连接已知条件，写出每一步能推出什么","答案不能直接提取，需要在理解文本后完成推演。","language-inference","待教研复核"
"英语","七选五","匹配逻辑","推演","推演、语言","语言：先用自己的话说清题目要求，再找出对应信息；推演：先连接已知条件，写出每一步能推出什么","答案不能直接提取，需要在理解文本后完成推演。","language-inference","待教研复核"
"英语","七选五","匹配句式+功能","语言","语言","","学科通用任务框架；具体节点待教研复核。","无具体路径规则","待教研复核"
"英语","完形","对应原文","语言","语言","","学科通用任务框架；具体节点待教研复核。","无具体路径规则","待教研复核"
"英语","完形","感情色彩","语言","语言","","学科通用任务框架；具体节点待教研复核。","无具体路径规则","待教研复核"
"英语","完形","逻辑关系","推演","推演、语言","语言：先用自己的话说清题目要求，再找出对应信息；推演：先连接已知条件，写出每一步能推出什么","答案不能直接提取，需要在理解文本后完成推演。","language-inference","待教研复核"
"英语","完形","熟词僻义","记忆","记忆、语言","语言：先用自己的话说清题目要求，再找出对应信息","词汇学习的核心是信息保持与提取，语境理解提供辅助。","language-vocabulary-recall","待教研复核"
"英语","完形","动词性质&固定搭配","记忆","记忆、语言","语言：先用自己的话说清题目要求，再找出对应信息","词汇学习的核心是信息保持与提取，语境理解提供辅助。","language-vocabulary-recall","待教研复核"
"英语","完形","动作衔接","语言","语言","","学科通用任务框架；具体节点待教研复核。","无具体路径规则","待教研复核"
"英语","应用文写作","应用文写作思路","语言","语言","推演：先连接已知条件，写出每一步能推出什么；记忆：先回想并写下相关概念，再对照材料补全","写作直接要求语言组织与表达，推演和材料提取提供支持。","language-writing","待教研复核"
"英语","应用文写作","观点类应用文写作","语言","语言","推演：先连接已知条件，写出每一步能推出什么；记忆：先回想并写下相关概念，再对照材料补全","写作直接要求语言组织与表达，推演和材料提取提供支持。","language-writing","待教研复核"
"英语","应用文写作","信息类应用文写作","语言","语言","推演：先连接已知条件，写出每一步能推出什么；记忆：先回想并写下相关概念，再对照材料补全","写作直接要求语言组织与表达，推演和材料提取提供支持。","language-writing","待教研复核"
"英语","读后续写","读后续写情绪描写","语言","语言","推演：先连接已知条件，写出每一步能推出什么；记忆：先回想并写下相关概念，再对照材料补全","写作直接要求语言组织与表达，推演和材料提取提供支持。","language-writing","待教研复核"
"英语","读后续写","读后续写动作描写","语言","语言","推演：先连接已知条件，写出每一步能推出什么；记忆：先回想并写下相关概念，再对照材料补全","写作直接要求语言组织与表达，推演和材料提取提供支持。","language-writing","待教研复核"
"英语","读后续写","读后续写句式升级","语言","语言","","学科通用任务框架；具体节点待教研复核。","无具体路径规则","待教研复核"
"英语","听力","听力基础元能力--语音现象","语言","语言","推演：先连接已知条件，写出每一步能推出什么；记忆：先回想并写下相关概念，再对照材料补全","语篇理解是主任务，推演与信息提取用于完成判断。","language-reading","待教研复核"
"英语","听力","听力-短对话","语言","语言","推演：先连接已知条件，写出每一步能推出什么；记忆：先回想并写下相关概念，再对照材料补全","语篇理解是主任务，推演与信息提取用于完成判断。","language-reading","待教研复核"
"英语","听力","听力-长对话&独白","语言","语言","推演：先连接已知条件，写出每一步能推出什么；记忆：先回想并写下相关概念，再对照材料补全","语篇理解是主任务，推演与信息提取用于完成判断。","language-reading","待教研复核"
"英语","听力","听力真题答案定位填空特训","语言","语言","推演：先连接已知条件，写出每一步能推出什么；记忆：先回想并写下相关概念，再对照材料补全","语篇理解是主任务，推演与信息提取用于完成判断。","language-reading","待教研复核"
"日语","听力模块","日常生活","语言","语言","","学科通用任务框架；具体节点待教研复核。","无具体路径规则","待教研复核"
"日语","听力模块","时间、数量","语言","语言","","学科通用任务框架；具体节点待教研复核。","无具体路径规则","待教研复核"
"日语","听力模块","人物、状态描述","语言","语言","","学科通用任务框架；具体节点待教研复核。","无具体路径规则","待教研复核"
"日语","听力模块","校园、职场","语言","语言","","学科通用任务框架；具体节点待教研复核。","无具体路径规则","待教研复核"
"日语","听力模块","场所","语言","语言","","学科通用任务框架；具体节点待教研复核。","无具体路径规则","待教研复核"
"日语","听力模块","动作行为","语言","语言","","学科通用任务框架；具体节点待教研复核。","无具体路径规则","待教研复核"
"日语","听力模块","原因、理由","推演","推演、语言","语言：先用自己的话说清题目要求，再找出对应信息；推演：先连接已知条件，写出每一步能推出什么","答案不能直接提取，需要在理解文本后完成推演。","language-inference","待教研复核"
"日语","基础句型结构（语言知识运用1）","判断句","语言","语言","","学科通用任务框架；具体节点待教研复核。","无具体路径规则","待教研复核"
"日语","基础句型结构（语言知识运用1）","指示代词","语言","语言","记忆：先回想并写下相关概念，再对照材料补全；推演：先连接已知条件，写出每一步能推出什么","语法的直接对象是语言结构，规则提取与关系判断提供支持。","language-grammar","待教研复核"
"日语","基础句型结构（语言知识运用1）","动词基础","语言","语言","记忆：先回想并写下相关概念，再对照材料补全；推演：先连接已知条件，写出每一步能推出什么","语法的直接对象是语言结构，规则提取与关系判断提供支持。","language-grammar","待教研复核"
"日语","基础句型结构（语言知识运用1）","存在动词","语言","语言","记忆：先回想并写下相关概念，再对照材料补全；推演：先连接已知条件，写出每一步能推出什么","语法的直接对象是语言结构，规则提取与关系判断提供支持。","language-grammar","待教研复核"
"日语","基础句型结构（语言知识运用1）","基本助词1","语言","语言","记忆：先回想并写下相关概念，再对照材料补全；推演：先连接已知条件，写出每一步能推出什么","语法的直接对象是语言结构，规则提取与关系判断提供支持。","language-grammar","待教研复核"
"日语","基础句型结构（语言知识运用1）","基本助词2","语言","语言","记忆：先回想并写下相关概念，再对照材料补全；推演：先连接已知条件，写出每一步能推出什么","语法的直接对象是语言结构，规则提取与关系判断提供支持。","language-grammar","待教研复核"
"日语","基础句型结构（语言知识运用1）","物品授受","语言","语言","","学科通用任务框架；具体节点待教研复核。","无具体路径规则","待教研复核"
"日语","形容词句法功能（语言知识运用2）","数量词","语言","语言","","学科通用任务框架；具体节点待教研复核。","无具体路径规则","待教研复核"
"日语","形容词句法功能（语言知识运用2）","一类形容词","语言","语言","记忆：先回想并写下相关概念，再对照材料补全；推演：先连接已知条件，写出每一步能推出什么","语法的直接对象是语言结构，规则提取与关系判断提供支持。","language-grammar","待教研复核"
"日语","形容词句法功能（语言知识运用2）","二类形容词","语言","语言","记忆：先回想并写下相关概念，再对照材料补全；推演：先连接已知条件，写出每一步能推出什么","语法的直接对象是语言结构，规则提取与关系判断提供支持。","language-grammar","待教研复核"
"日语","形容词句法功能（语言知识运用2）","形容词て形","语言","语言","记忆：先回想并写下相关概念，再对照材料补全；推演：先连接已知条件，写出每一步能推出什么","语法的直接对象是语言结构，规则提取与关系判断提供支持。","language-grammar","待教研复核"
"日语","形容词句法功能（语言知识运用2）","变化句","语言","语言","","学科通用任务框架；具体节点待教研复核。","无具体路径规则","待教研复核"
"日语","形容词句法功能（语言知识运用2）","基本助词3","语言","语言","记忆：先回想并写下相关概念，再对照材料补全；推演：先连接已知条件，写出每一步能推出什么","语法的直接对象是语言结构，规则提取与关系判断提供支持。","language-grammar","待教研复核"
"日语","形容词句法功能（语言知识运用2）","比较句型","语言","语言","记忆：先回想并写下相关概念，再对照材料补全；推演：先连接已知条件，写出每一步能推出什么","语法的直接对象是语言结构，规则提取与关系判断提供支持。","language-grammar","待教研复核"
"日语","动词活用与简体表达（语言知识运用3）","动词原形","语言","语言","记忆：先回想并写下相关概念，再对照材料补全；推演：先连接已知条件，写出每一步能推出什么","语法的直接对象是语言结构，规则提取与关系判断提供支持。","language-grammar","待教研复核"
"日语","动词活用与简体表达（语言知识运用3）","动词ない形","语言","语言","记忆：先回想并写下相关概念，再对照材料补全；推演：先连接已知条件，写出每一步能推出什么","语法的直接对象是语言结构，规则提取与关系判断提供支持。","language-grammar","待教研复核"
"日语","动词活用与简体表达（语言知识运用3）","动词て形","语言","语言","记忆：先回想并写下相关概念，再对照材料补全；推演：先连接已知条件，写出每一步能推出什么","语法的直接对象是语言结构，规则提取与关系判断提供支持。","language-grammar","待教研复核"
"日语","动词活用与简体表达（语言知识运用3）","动词た形","语言","语言","记忆：先回想并写下相关概念，再对照材料补全；推演：先连接已知条件，写出每一步能推出什么","语法的直接对象是语言结构，规则提取与关系判断提供支持。","language-grammar","待教研复核"
"日语","动词活用与简体表达（语言知识运用3）","敬体与简体","语言","语言","","学科通用任务框架；具体节点待教研复核。","无具体路径规则","待教研复核"
"日语","动词活用与简体表达（语言知识运用3）","简体形基本句型1","语言","语言","记忆：先回想并写下相关概念，再对照材料补全；推演：先连接已知条件，写出每一步能推出什么","语法的直接对象是语言结构，规则提取与关系判断提供支持。","language-grammar","待教研复核"
"日语","动词活用与简体表达（语言知识运用3）","简体形基本句型2","语言","语言","记忆：先回想并写下相关概念，再对照材料补全；推演：先连接已知条件，写出每一步能推出什么","语法的直接对象是语言结构，规则提取与关系判断提供支持。","language-grammar","待教研复核"
"日语","动词的扩展表达与运用（语言知识运用4）","假定语法1","语言","语言","记忆：先回想并写下相关概念，再对照材料补全；推演：先连接已知条件，写出每一步能推出什么","语法的直接对象是语言结构，规则提取与关系判断提供支持。","language-grammar","待教研复核"
"日语","动词的扩展表达与运用（语言知识运用4）","假定语法2","语言","语言","记忆：先回想并写下相关概念，再对照材料补全；推演：先连接已知条件，写出每一步能推出什么","语法的直接对象是语言结构，规则提取与关系判断提供支持。","language-grammar","待教研复核"
"日语","动词的扩展表达与运用（语言知识运用4）","动词命令形","语言","语言","记忆：先回想并写下相关概念，再对照材料补全；推演：先连接已知条件，写出每一步能推出什么","语法的直接对象是语言结构，规则提取与关系判断提供支持。","language-grammar","待教研复核"
"日语","动词的扩展表达与运用（语言知识运用4）","动词意志形","语言","语言","记忆：先回想并写下相关概念，再对照材料补全；推演：先连接已知条件，写出每一步能推出什么","语法的直接对象是语言结构，规则提取与关系判断提供支持。","language-grammar","待教研复核"
"日语","动词的扩展表达与运用（语言知识运用4）","样态语法1","语言","语言","记忆：先回想并写下相关概念，再对照材料补全；推演：先连接已知条件，写出每一步能推出什么","语法的直接对象是语言结构，规则提取与关系判断提供支持。","language-grammar","待教研复核"
"日语","动词的扩展表达与运用（语言知识运用4）","样态语法2","语言","语言","记忆：先回想并写下相关概念，再对照材料补全；推演：先连接已知条件，写出每一步能推出什么","语法的直接对象是语言结构，规则提取与关系判断提供支持。","language-grammar","待教研复核"
"日语","动词语态与功能转化（语言知识运用5）","动词可能形","语言","语言","记忆：先回想并写下相关概念，再对照材料补全；推演：先连接已知条件，写出每一步能推出什么","语法的直接对象是语言结构，规则提取与关系判断提供支持。","language-grammar","待教研复核"
"日语","动词语态与功能转化（语言知识运用5）","补助动词1","语言","语言","记忆：先回想并写下相关概念，再对照材料补全；推演：先连接已知条件，写出每一步能推出什么","语法的直接对象是语言结构，规则提取与关系判断提供支持。","language-grammar","待教研复核"
"日语","动词语态与功能转化（语言知识运用5）","补助动词2","语言","语言","记忆：先回想并写下相关概念，再对照材料补全；推演：先连接已知条件，写出每一步能推出什么","语法的直接对象是语言结构，规则提取与关系判断提供支持。","language-grammar","待教研复核"
"日语","动词语态与功能转化（语言知识运用5）","被动句","语言","语言","","学科通用任务框架；具体节点待教研复核。","无具体路径规则","待教研复核"
"日语","动词语态与功能转化（语言知识运用5）","使役句","语言","语言","","学科通用任务框架；具体节点待教研复核。","无具体路径规则","待教研复核"
"日语","助词（语言知识运用6）","格助词","语言","语言","记忆：先回想并写下相关概念，再对照材料补全；推演：先连接已知条件，写出每一步能推出什么","语法的直接对象是语言结构，规则提取与关系判断提供支持。","language-grammar","待教研复核"
"日语","助词（语言知识运用6）","接续助词","语言","语言","记忆：先回想并写下相关概念，再对照材料补全；推演：先连接已知条件，写出每一步能推出什么","语法的直接对象是语言结构，规则提取与关系判断提供支持。","language-grammar","待教研复核"
"日语","助词（语言知识运用6）","副助词","语言","语言","记忆：先回想并写下相关概念，再对照材料补全；推演：先连接已知条件，写出每一步能推出什么","语法的直接对象是语言结构，规则提取与关系判断提供支持。","language-grammar","待教研复核"
"日语","动词（语言知识运用7）","动词变形与自他动词","语言","语言","记忆：先回想并写下相关概念，再对照材料补全；推演：先连接已知条件，写出每一步能推出什么","语法的直接对象是语言结构，规则提取与关系判断提供支持。","language-grammar","待教研复核"
"日语","动词（语言知识运用7）","补助动词总结","语言","语言","记忆：先回想并写下相关概念，再对照材料补全；推演：先连接已知条件，写出每一步能推出什么","语法的直接对象是语言结构，规则提取与关系判断提供支持。","language-grammar","待教研复核"
"日语","动词（语言知识运用7）","复合词总结","语言","语言","","学科通用任务框架；具体节点待教研复核。","无具体路径规则","待教研复核"
"日语","动词（语言知识运用7）","授受动词总结","语言","语言","记忆：先回想并写下相关概念，再对照材料补全；推演：先连接已知条件，写出每一步能推出什么","语法的直接对象是语言结构，规则提取与关系判断提供支持。","language-grammar","待教研复核"
"日语","形容词（语言知识运用8）","形容词总结","语言","语言","记忆：先回想并写下相关概念，再对照材料补全；推演：先连接已知条件，写出每一步能推出什么","语法的直接对象是语言结构，规则提取与关系判断提供支持。","language-grammar","待教研复核"
"日语","助动词（语言知识运用9）","愿望表达","语言","语言","推演：先连接已知条件，写出每一步能推出什么；记忆：先回想并写下相关概念，再对照材料补全","写作直接要求语言组织与表达，推演和材料提取提供支持。","language-writing","待教研复核"
"日语","助动词（语言知识运用9）","样态语法","语言","语言","记忆：先回想并写下相关概念，再对照材料补全；推演：先连接已知条件，写出每一步能推出什么","语法的直接对象是语言结构，规则提取与关系判断提供支持。","language-grammar","待教研复核"
"日语","助动词（语言知识运用9）","ないで・なくて","语言","语言","","学科通用任务框架；具体节点待教研复核。","无具体路径规则","待教研复核"
"日语","助动词（语言知识运用9）","目的表达","语言","语言","推演：先连接已知条件，写出每一步能推出什么；记忆：先回想并写下相关概念，再对照材料补全","写作直接要求语言组织与表达，推演和材料提取提供支持。","language-writing","待教研复核"
"日语","形式名词（语言知识运用10）","形式名词","语言","语言","","学科通用任务框架；具体节点待教研复核。","无具体路径规则","待教研复核"
"日语","敬语（语言知识运用11）","敬语","语言","语言","","学科通用任务框架；具体节点待教研复核。","无具体路径规则","待教研复核"
"日语","单词和句型（语言知识运用10）","句型","语言","语言","记忆：先回想并写下相关概念，再对照材料补全；推演：先连接已知条件，写出每一步能推出什么","语法的直接对象是语言结构，规则提取与关系判断提供支持。","language-grammar","待教研复核"
"日语","单词和句型（语言知识运用10）","单词","记忆","记忆、语言","语言：先用自己的话说清题目要求，再找出对应信息","词汇学习的核心是信息保持与提取，语境理解提供辅助。","language-vocabulary-recall","待教研复核"
"日语","阅读模块","连词及内容填空","语言","语言","记忆：先回想并写下相关概念，再对照材料补全；推演：先连接已知条件，写出每一步能推出什么","语法的直接对象是语言结构，规则提取与关系判断提供支持。","language-grammar","待教研复核"
"日语","阅读模块","指示代词","语言","语言","记忆：先回想并写下相关概念，再对照材料补全；推演：先连接已知条件，写出每一步能推出什么","语法的直接对象是语言结构，规则提取与关系判断提供支持。","language-grammar","待教研复核"
"日语","阅读模块","原因、理由","推演","推演、语言","语言：先用自己的话说清题目要求，再找出对应信息；推演：先连接已知条件，写出每一步能推出什么","答案不能直接提取，需要在理解文本后完成推演。","language-inference","待教研复核"
"日语","阅读模块","信息理解","语言","语言","推演：先连接已知条件，写出每一步能推出什么；记忆：先回想并写下相关概念，再对照材料补全","语篇理解是主任务，推演与信息提取用于完成判断。","language-reading","待教研复核"
"日语","阅读模块","主旨观点","推演","推演、语言","语言：先用自己的话说清题目要求，再找出对应信息；推演：先连接已知条件，写出每一步能推出什么","答案不能直接提取，需要在理解文本后完成推演。","language-inference","待教研复核"
"日语","应用文主要格式","书信","语言","语言","推演：先连接已知条件，写出每一步能推出什么；记忆：先回想并写下相关概念，再对照材料补全","写作直接要求语言组织与表达，推演和材料提取提供支持。","language-writing","待教研复核"
"日语","应用文主要格式","通知","语言","语言","推演：先连接已知条件，写出每一步能推出什么；记忆：先回想并写下相关概念，再对照材料补全","写作直接要求语言组织与表达，推演和材料提取提供支持。","language-writing","待教研复核"
"日语","应用文主要格式","演讲稿","语言","语言","推演：先连接已知条件，写出每一步能推出什么；记忆：先回想并写下相关概念，再对照材料补全","写作直接要求语言组织与表达，推演和材料提取提供支持。","language-writing","待教研复核"
"日语","应用文主要格式","邮件","语言","语言","推演：先连接已知条件，写出每一步能推出什么；记忆：先回想并写下相关概念，再对照材料补全","写作直接要求语言组织与表达，推演和材料提取提供支持。","language-writing","待教研复核"
"日语","应用文主要格式","日记","语言","语言","推演：先连接已知条件，写出每一步能推出什么；记忆：先回想并写下相关概念，再对照材料补全","写作直接要求语言组织与表达，推演和材料提取提供支持。","language-writing","待教研复核"
"日语","应用文拓展文体","书信拓展文体","语言","语言","推演：先连接已知条件，写出每一步能推出什么；记忆：先回想并写下相关概念，再对照材料补全","写作直接要求语言组织与表达，推演和材料提取提供支持。","language-writing","待教研复核"
"日语","应用文拓展文体","通知拓展文体","语言","语言","推演：先连接已知条件，写出每一步能推出什么；记忆：先回想并写下相关概念，再对照材料补全","写作直接要求语言组织与表达，推演和材料提取提供支持。","language-writing","待教研复核"
"日语","应用文拓展文体","演讲稿拓展文体","语言","语言","推演：先连接已知条件，写出每一步能推出什么；记忆：先回想并写下相关概念，再对照材料补全","写作直接要求语言组织与表达，推演和材料提取提供支持。","language-writing","待教研复核"
"日语","大作文模块","记叙议论文","语言","语言","","学科通用任务框架；具体节点待教研复核。","无具体路径规则","待教研复核"
"日语","大作文模块","议论观点文","推演","推演、语言","语言：先用自己的话说清题目要求，再找出对应信息；推演：先连接已知条件，写出每一步能推出什么","答案不能直接提取，需要在理解文本后完成推演。","language-inference","待教研复核"
"日语","大作文模块","图表说明文","语言","语言","","学科通用任务框架；具体节点待教研复核。","无具体路径规则","待教研复核"
"物理","运动的描述与匀变速直线运动","运动学基本概念","空间","空间、数理","推演：先连接已知条件，写出每一步能推出什么；数理：先列出已知数量和单位，再写出它们的关系","任务直接要求处理对象位置、方向或结构，推演和数理提供支持。","physics-space","待教研复核"
"物理","运动的描述与匀变速直线运动","匀变速直线运动规律","空间","空间、数理","推演：先连接已知条件，写出每一步能推出什么；数理：先列出已知数量和单位，再写出它们的关系","任务直接要求处理对象位置、方向或结构，推演和数理提供支持。","physics-space","待教研复核"
"物理","相互作用与牛顿定律应用","力与受力分析","空间","空间、数理","推演：先连接已知条件，写出每一步能推出什么；数理：先列出已知数量和单位，再写出它们的关系","任务直接要求处理对象位置、方向或结构，推演和数理提供支持。","physics-space","待教研复核"
"物理","相互作用与牛顿定律应用","共点力平衡","推演","推演","","学科通用任务框架；具体节点待教研复核。","无具体路径规则","待教研复核"
"物理","相互作用与牛顿定律应用","牛顿运动定律","空间","空间、数理","推演：先连接已知条件，写出每一步能推出什么；数理：先列出已知数量和单位，再写出它们的关系","任务直接要求处理对象位置、方向或结构，推演和数理提供支持。","physics-space","待教研复核"
"物理","曲线运动、万有引力与宇宙航行","抛体运动","空间","空间、数理","推演：先连接已知条件，写出每一步能推出什么；数理：先列出已知数量和单位，再写出它们的关系","任务直接要求处理对象位置、方向或结构，推演和数理提供支持。","physics-space","待教研复核"
"物理","曲线运动、万有引力与宇宙航行","圆周运动","空间","空间、数理","推演：先连接已知条件，写出每一步能推出什么；数理：先列出已知数量和单位，再写出它们的关系","任务直接要求处理对象位置、方向或结构，推演和数理提供支持。","physics-space","待教研复核"
"物理","曲线运动、万有引力与宇宙航行","万有引力与航天","空间","空间、数理","推演：先连接已知条件，写出每一步能推出什么；数理：先列出已知数量和单位，再写出它们的关系","任务直接要求处理对象位置、方向或结构，推演和数理提供支持。","physics-space","待教研复核"
"物理","能量与动量守恒","功和能","推演","推演、数理","数理：先列出已知数量和单位，再写出它们的关系；记忆：先回想并写下相关概念，再对照材料补全","核心是判断过程中的关系与守恒条件，数量和规律提取提供支持。","physics-energy","待教研复核"
"物理","能量与动量守恒","动量与碰撞","推演","推演、数理","数理：先列出已知数量和单位，再写出它们的关系；记忆：先回想并写下相关概念，再对照材料补全","核心是判断过程中的关系与守恒条件，数量和规律提取提供支持。","physics-energy","待教研复核"
"物理","机械振动与机械波","机械振动与机械波","空间","空间、数理","推演：先连接已知条件，写出每一步能推出什么；数理：先列出已知数量和单位，再写出它们的关系","任务直接要求处理对象位置、方向或结构，推演和数理提供支持。","physics-space","待教研复核"
"物理","静电场","电场力的性质与能的性质","空间","空间、数理","推演：先连接已知条件，写出每一步能推出什么；数理：先列出已知数量和单位，再写出它们的关系","任务直接要求处理对象位置、方向或结构，推演和数理提供支持。","physics-space","待教研复核"
"物理","静电场","电容器与带电粒子在电场中","空间","空间、数理","推演：先连接已知条件，写出每一步能推出什么；数理：先列出已知数量和单位，再写出它们的关系","任务直接要求处理对象位置、方向或结构，推演和数理提供支持。","physics-space","待教研复核"
"物理","恒定电流、交变电流与变压器","电路分析","空间","空间、数理","推演：先连接已知条件，写出每一步能推出什么；数理：先列出已知数量和单位，再写出它们的关系","任务直接要求处理对象位置、方向或结构，推演和数理提供支持。","physics-space","待教研复核"
"物理","恒定电流、交变电流与变压器","电学实验","推演","推演、数理","数理：先列出已知数量和单位，再写出它们的关系；记忆：先回想并写下相关概念，再对照材料补全","实验核心是条件控制和证据推理，不按学生优势临时添加入口。","physics-experiment","待教研复核"
"物理","恒定电流、交变电流与变压器","交变电流与变压器","推演","推演、数理","数理：先列出已知数量和单位，再写出它们的关系；记忆：先回想并写下相关概念，再对照材料补全","核心动作是条件判断和关系推演。","physics-reasoning","待教研复核"
"物理","磁场与电磁感应","磁场与安培力","空间","空间、数理","推演：先连接已知条件，写出每一步能推出什么；数理：先列出已知数量和单位，再写出它们的关系","任务直接要求处理对象位置、方向或结构，推演和数理提供支持。","physics-space","待教研复核"
"物理","磁场与电磁感应","带电粒子在磁场中的运动","空间","空间、数理","推演：先连接已知条件，写出每一步能推出什么；数理：先列出已知数量和单位，再写出它们的关系","任务直接要求处理对象位置、方向或结构，推演和数理提供支持。","physics-space","待教研复核"
"物理","磁场与电磁感应","电磁感应","推演","推演、数理","数理：先列出已知数量和单位，再写出它们的关系；记忆：先回想并写下相关概念，再对照材料补全","核心动作是条件判断和关系推演。","physics-reasoning","待教研复核"
"物理","磁场与电磁感应","电磁感应中的导轨模型","推演","推演、数理","数理：先列出已知数量和单位，再写出它们的关系；记忆：先回想并写下相关概念，再对照材料补全","核心动作是条件判断和关系推演。","physics-reasoning","待教研复核"
"物理","热学与光学","分子动理论与气体","推演","推演、记忆","记忆：先回想并写下相关概念，再对照材料补全；数理：先列出已知数量和单位，再写出它们的关系","主要依赖概念关系与推演，不把不可见的微观概念直接等同为空间元能力。","physics-modern-concepts","待教研复核"
"物理","热学与光学","光学","空间","空间、数理","推演：先连接已知条件，写出每一步能推出什么；数理：先列出已知数量和单位，再写出它们的关系","任务直接要求处理对象位置、方向或结构，推演和数理提供支持。","physics-space","待教研复核"
"物理","近代物理","波粒二象性与光电效应","推演","推演、记忆","记忆：先回想并写下相关概念，再对照材料补全；数理：先列出已知数量和单位，再写出它们的关系","主要依赖概念关系与推演，不把不可见的微观概念直接等同为空间元能力。","physics-modern-concepts","待教研复核"
"物理","近代物理","原子与原子核","推演","推演、记忆","记忆：先回想并写下相关概念，再对照材料补全；数理：先列出已知数量和单位，再写出它们的关系","主要依赖概念关系与推演，不把不可见的微观概念直接等同为空间元能力。","physics-modern-concepts","待教研复核"
"物理","运动与力学实验","力学实验","推演","推演、数理","数理：先列出已知数量和单位，再写出它们的关系；记忆：先回想并写下相关概念，再对照材料补全","实验核心是条件控制和证据推理，不按学生优势临时添加入口。","physics-experiment","待教研复核"
"化学","化学基本概念与化学实验基础知识","化学物质及其变化","推演","推演、记忆","记忆：先回想并写下相关概念，再对照材料补全；数理：先列出已知数量和单位，再写出它们的关系","任务核心是过程关系和因果推演。","science-process","待教研复核"
"化学","化学基本概念与化学实验基础知识","化学计量与简单计算","数理","数理","推演：先连接已知条件，写出每一步能推出什么","任务对象是数据与数量关系。","science-calculation","待教研复核"
"化学","化学基本概念与化学实验基础知识","化学实验基础知识","推演","推演、记忆","记忆：先回想并写下相关概念，再对照材料补全；数理：先列出已知数量和单位，再写出它们的关系","任务核心是过程关系和因果推演。","science-process","待教研复核"
"化学","元素及其化合物","金属及其化合物","推演","推演","","学科通用任务框架；具体节点待教研复核。","无具体路径规则","待教研复核"
"化学","元素及其化合物","非金属及其化合物","推演","推演","","学科通用任务框架；具体节点待教研复核。","无具体路径规则","待教研复核"
"化学","物质的结构与性质","原子结构与性质","空间","空间","推演：先连接已知条件，写出每一步能推出什么；记忆：先回想并写下相关概念，再对照材料补全","任务直接处理组成结构与连接关系。","science-structure","待教研复核"
"化学","物质的结构与性质","分子结构与性质","空间","空间","推演：先连接已知条件，写出每一步能推出什么；记忆：先回想并写下相关概念，再对照材料补全","任务直接处理组成结构与连接关系。","science-structure","待教研复核"
"化学","物质的结构与性质","晶体结构与性质","空间","空间","推演：先连接已知条件，写出每一步能推出什么；记忆：先回想并写下相关概念，再对照材料补全","任务直接处理组成结构与连接关系。","science-structure","待教研复核"
"化学","化学反应原理","化学反应与能量转化","推演","推演、记忆","记忆：先回想并写下相关概念，再对照材料补全；数理：先列出已知数量和单位，再写出它们的关系","任务核心是过程关系和因果推演。","science-process","待教研复核"
"化学","化学反应原理","化学反应速率与平衡","推演","推演、记忆","记忆：先回想并写下相关概念，再对照材料补全；数理：先列出已知数量和单位，再写出它们的关系","任务核心是过程关系和因果推演。","science-process","待教研复核"
"化学","化学反应原理","水溶液中的离子反应与平衡","推演","推演、记忆","记忆：先回想并写下相关概念，再对照材料补全；数理：先列出已知数量和单位，再写出它们的关系","任务核心是过程关系和因果推演。","science-process","待教研复核"
"化学","有机化学","有机化合物的结构","空间","空间","推演：先连接已知条件，写出每一步能推出什么；记忆：先回想并写下相关概念，再对照材料补全","任务直接处理组成结构与连接关系。","science-structure","待教研复核"
"化学","有机化学","烃的衍生物","推演","推演","","学科通用任务框架；具体节点待教研复核。","无具体路径规则","待教研复核"
"化学","有机化学","有机化合物综合应用","推演","推演、记忆","记忆：先回想并写下相关概念，再对照材料补全；数理：先列出已知数量和单位，再写出它们的关系","任务核心是过程关系和因果推演。","science-process","待教研复核"
"生物","模块一 细胞基础内容","第一讲 细胞中的元素和化合物","空间","空间","推演：先连接已知条件，写出每一步能推出什么；记忆：先回想并写下相关概念，再对照材料补全","任务直接处理组成结构与连接关系。","science-structure","待教研复核"
"生物","模块一 细胞基础内容","第二讲 细胞学基础","空间","空间","推演：先连接已知条件，写出每一步能推出什么；记忆：先回想并写下相关概念，再对照材料补全","任务直接处理组成结构与连接关系。","science-structure","待教研复核"
"生物","模块一 细胞基础内容","第三讲 细胞的结构","空间","空间","推演：先连接已知条件，写出每一步能推出什么；记忆：先回想并写下相关概念，再对照材料补全","任务直接处理组成结构与连接关系。","science-structure","待教研复核"
"生物","模块一 细胞基础内容","第四讲 物质进出细胞的方式","空间","空间","推演：先连接已知条件，写出每一步能推出什么；记忆：先回想并写下相关概念，再对照材料补全","任务直接处理组成结构与连接关系。","science-structure","待教研复核"
"生物","模块二 细胞代谢","第五讲 ATP和酶","推演","推演","","学科通用任务框架；具体节点待教研复核。","无具体路径规则","待教研复核"
"生物","模块二 细胞代谢","第六讲 细胞呼吸","空间","空间","推演：先连接已知条件，写出每一步能推出什么；记忆：先回想并写下相关概念，再对照材料补全","任务直接处理组成结构与连接关系。","science-structure","待教研复核"
"生物","模块二 细胞代谢","第七讲 光合作用","推演","推演","","学科通用任务框架；具体节点待教研复核。","无具体路径规则","待教研复核"
"生物","模块二 细胞代谢","第八讲 代谢综合","推演","推演、记忆","记忆：先回想并写下相关概念，再对照材料补全；数理：先列出已知数量和单位，再写出它们的关系","任务核心是过程关系和因果推演。","science-process","待教研复核"
"生物","模块三 细胞的生命历程","第九讲 有丝分裂和减数分裂","推演","推演","","学科通用任务框架；具体节点待教研复核。","无具体路径规则","待教研复核"
"生物","模块三 细胞的生命历程","第十讲 细胞分化、衰老、凋亡和癌变","空间","空间","推演：先连接已知条件，写出每一步能推出什么；记忆：先回想并写下相关概念，再对照材料补全","任务直接处理组成结构与连接关系。","science-structure","待教研复核"
"生物","模块四 遗传学","第十一讲 分离定律","推演","推演","","学科通用任务框架；具体节点待教研复核。","无具体路径规则","待教研复核"
"生物","模块四 遗传学","第十二讲 自由组合定律","推演","推演","","学科通用任务框架；具体节点待教研复核。","无具体路径规则","待教研复核"
"生物","模块四 遗传学","第十三讲 伴性遗传","推演","推演、记忆","记忆：先回想并写下相关概念，再对照材料补全；数理：先列出已知数量和单位，再写出它们的关系","任务核心是过程关系和因果推演。","science-process","待教研复核"
"生物","模块四 遗传学","第十四讲 证明DNA是主要遗传物质","推演","推演、记忆","记忆：先回想并写下相关概念，再对照材料补全；数理：先列出已知数量和单位，再写出它们的关系","任务核心是过程关系和因果推演。","science-process","待教研复核"
"生物","模块四 遗传学","第十五讲 DNA的分子结构及复制","空间","空间","推演：先连接已知条件，写出每一步能推出什么；记忆：先回想并写下相关概念，再对照材料补全","任务直接处理组成结构与连接关系。","science-structure","待教研复核"
"生物","模块四 遗传学","第十六讲 基因的表达","推演","推演","","学科通用任务框架；具体节点待教研复核。","无具体路径规则","待教研复核"
"生物","模块五 变异与育种","第十七讲 变异与育种","推演","推演","","学科通用任务框架；具体节点待教研复核。","无具体路径规则","待教研复核"
"生物","模块五 变异与育种","第十八讲 进化和基因频率的计算","数理","数理","推演：先连接已知条件，写出每一步能推出什么","任务对象是数据与数量关系。","science-calculation","待教研复核"
"生物","模块六 稳态与调节","第十九讲 内环境及其稳态","推演","推演","","学科通用任务框架；具体节点待教研复核。","无具体路径规则","待教研复核"
"生物","模块六 稳态与调节","第二十讲 神经调节","推演","推演、记忆","记忆：先回想并写下相关概念，再对照材料补全；数理：先列出已知数量和单位，再写出它们的关系","任务核心是过程关系和因果推演。","science-process","待教研复核"
"生物","模块六 稳态与调节","第二十一讲 体液调节","推演","推演、记忆","记忆：先回想并写下相关概念，再对照材料补全；数理：先列出已知数量和单位，再写出它们的关系","任务核心是过程关系和因果推演。","science-process","待教研复核"
"生物","模块六 稳态与调节","第二十二讲 神经调节和体液调节实例","推演","推演、记忆","记忆：先回想并写下相关概念，再对照材料补全；数理：先列出已知数量和单位，再写出它们的关系","任务核心是过程关系和因果推演。","science-process","待教研复核"
"生物","模块六 稳态与调节","第二十三讲 免疫调节","推演","推演、记忆","记忆：先回想并写下相关概念，再对照材料补全；数理：先列出已知数量和单位，再写出它们的关系","任务核心是过程关系和因果推演。","science-process","待教研复核"
"生物","模块六 稳态与调节","第二十四讲 植物激素","推演","推演","","学科通用任务框架；具体节点待教研复核。","无具体路径规则","待教研复核"
"生物","模块七 生物与环境","第二十五讲 种群","推演","推演","","学科通用任务框架；具体节点待教研复核。","无具体路径规则","待教研复核"
"生物","模块七 生物与环境","第二十六讲 群落","推演","推演","","学科通用任务框架；具体节点待教研复核。","无具体路径规则","待教研复核"
"生物","模块七 生物与环境","第二十七讲 生态系统","空间","空间","推演：先连接已知条件，写出每一步能推出什么；记忆：先回想并写下相关概念，再对照材料补全","任务直接处理组成结构与连接关系。","science-structure","待教研复核"
"生物","模块七 生物与环境","第二十八讲 人类与环境","推演","推演","","学科通用任务框架；具体节点待教研复核。","无具体路径规则","待教研复核"
"生物","模块八 生物技术与工程","第二十九讲 发酵工程","空间","空间","推演：先连接已知条件，写出每一步能推出什么；记忆：先回想并写下相关概念，再对照材料补全","任务直接处理组成结构与连接关系。","science-structure","待教研复核"
"生物","模块八 生物技术与工程","第三十讲 植物细胞工程","空间","空间","推演：先连接已知条件，写出每一步能推出什么；记忆：先回想并写下相关概念，再对照材料补全","任务直接处理组成结构与连接关系。","science-structure","待教研复核"
"生物","模块八 生物技术与工程","第三十一讲 动物细胞工程","空间","空间","推演：先连接已知条件，写出每一步能推出什么；记忆：先回想并写下相关概念，再对照材料补全","任务直接处理组成结构与连接关系。","science-structure","待教研复核"
"生物","模块八 生物技术与工程","第三十二讲 基因工程","空间","空间","推演：先连接已知条件，写出每一步能推出什么；记忆：先回想并写下相关概念，再对照材料补全","任务直接处理组成结构与连接关系。","science-structure","待教研复核"
"历史","中国古代史","中华文明的起源与早期国家（远古—前771）","语言","语言","记忆：先回想并写下相关概念，再对照材料补全；推演：先连接已知条件，写出每一步能推出什么","直接任务是理解与表达，记忆和推演提供支持。","humanities-knowledge","待教研复核"
"历史","中国古代史","诸侯纷争与变法运动（前770—前221）","语言","语言","","学科通用任务框架；具体节点待教研复核。","无具体路径规则","待教研复核"
"历史","中国古代史","秦统一多民族封建国家的建立（前221—前207）","语言","语言","记忆：先回想并写下相关概念，再对照材料补全；推演：先连接已知条件，写出每一步能推出什么","直接任务是理解与表达，记忆和推演提供支持。","humanities-knowledge","待教研复核"
"历史","中国古代史","两汉——统一多民族封建国家的巩固（前202—220）","语言","语言","记忆：先回想并写下相关概念，再对照材料补全；推演：先连接已知条件，写出每一步能推出什么","直接任务是理解与表达，记忆和推演提供支持。","humanities-knowledge","待教研复核"
"历史","中国古代史","三国两晋南北朝——中华文明的曲折发展（220—589）","语言","语言","","学科通用任务框架；具体节点待教研复核。","无具体路径规则","待教研复核"
"历史","中国古代史","隋唐时期——中华文明的繁荣（581—907）","语言","语言","","学科通用任务框架；具体节点待教研复核。","无具体路径规则","待教研复核"
"历史","中国古代史","辽宋夏金元时期——中华文明的成熟与高度发展（916—1368）","语言","语言","","学科通用任务框架；具体节点待教研复核。","无具体路径规则","待教研复核"
"历史","中国古代史","明清（前期）时期——中华文明的鼎盛与危机（1368—1840）","语言","语言","","学科通用任务框架；具体节点待教研复核。","无具体路径规则","待教研复核"
"历史","中国近代史","旧民主主义革命时期（1840—1919）","语言","语言","","学科通用任务框架；具体节点待教研复核。","无具体路径规则","待教研复核"
"历史","中国近代史","新民主主义革命时期（1919—1949）","语言","语言","","学科通用任务框架；具体节点待教研复核。","无具体路径规则","待教研复核"
"历史","中国现代史","新中国的成立与社会主义建设时期（1949—1978）","语言","语言","记忆：先回想并写下相关概念，再对照材料补全；推演：先连接已知条件，写出每一步能推出什么","直接任务是理解与表达，记忆和推演提供支持。","humanities-knowledge","待教研复核"
"历史","中国现代史","社会主义建设新时期——改革开放（1978—）","语言","语言","记忆：先回想并写下相关概念，再对照材料补全；推演：先连接已知条件，写出每一步能推出什么","直接任务是理解与表达，记忆和推演提供支持。","humanities-knowledge","待教研复核"
"历史","世界古代史","上古时期（5世纪以前）——古代文明的产生与发展","语言","语言","","学科通用任务框架；具体节点待教研复核。","无具体路径规则","待教研复核"
"历史","世界古代史","中古时期（5—15世纪）——世界各区域多元文明的发展","语言","语言","","学科通用任务框架；具体节点待教研复核。","无具体路径规则","待教研复核"
"历史","世界近现代史","走向整体的世界","语言","语言","","学科通用任务框架；具体节点待教研复核。","无具体路径规则","待教研复核"
"历史","世界近现代史","欧洲思想解放运动及资本主义制度的确立","语言","语言","","学科通用任务框架；具体节点待教研复核。","无具体路径规则","待教研复核"
"历史","世界近现代史","工业革命与马克思主义的诞生","语言","语言","","学科通用任务框架；具体节点待教研复核。","无具体路径规则","待教研复核"
"历史","世界近现代史","近代世界的政治、经济和文化（15世纪—19世纪末20世纪初）","语言","语言","记忆：先回想并写下相关概念，再对照材料补全；推演：先连接已知条件，写出每一步能推出什么","直接任务是理解与表达，记忆和推演提供支持。","humanities-knowledge","待教研复核"
"历史","世界近现代史","两次世界大战、十月革命与国际秩序的演变","语言","语言","","学科通用任务框架；具体节点待教研复核。","无具体路径规则","待教研复核"
"历史","世界近现代史","20世纪下半叶世界的新变化（1945—）","语言","语言","","学科通用任务框架；具体节点待教研复核。","无具体路径规则","待教研复核"
"历史","世界近现代史","二战以来的经济与文化","语言","语言","记忆：先回想并写下相关概念，再对照材料补全；推演：先连接已知条件，写出每一步能推出什么","直接任务是理解与表达，记忆和推演提供支持。","humanities-knowledge","待教研复核"
"历史","史学素养","史学素养","推演","推演、语言","语言：先用自己的话说清题目要求，再找出对应信息；记忆：先回想并写下相关概念，再对照材料补全","材料任务需要以证据支持判断。","humanities-source","待教研复核"
"政治","中国特色社会主义","人类社会发展进程与趋势","语言","语言","记忆：先回想并写下相关概念，再对照材料补全；推演：先连接已知条件，写出每一步能推出什么","直接任务是理解与表达，记忆和推演提供支持。","humanities-knowledge","待教研复核"
"政治","中国特色社会主义","中国特色社会主义的开创和发展","语言","语言","记忆：先回想并写下相关概念，再对照材料补全；推演：先连接已知条件，写出每一步能推出什么","直接任务是理解与表达，记忆和推演提供支持。","humanities-knowledge","待教研复核"
"政治","经济与社会","生产资料所有制与经济体制","语言","语言","记忆：先回想并写下相关概念，再对照材料补全；推演：先连接已知条件，写出每一步能推出什么","直接任务是理解与表达，记忆和推演提供支持。","humanities-knowledge","待教研复核"
"政治","经济与社会","经济发展和社会进步","语言","语言","记忆：先回想并写下相关概念，再对照材料补全；推演：先连接已知条件，写出每一步能推出什么","直接任务是理解与表达，记忆和推演提供支持。","humanities-knowledge","待教研复核"
"政治","政治与法治","党的领导","语言","语言","","学科通用任务框架；具体节点待教研复核。","无具体路径规则","待教研复核"
"政治","政治与法治","人民当家作主","语言","语言","","学科通用任务框架；具体节点待教研复核。","无具体路径规则","待教研复核"
"政治","政治与法治","全面依法治国","推演","推演、语言","语言：先用自己的话说清题目要求，再找出对应信息；记忆：先回想并写下相关概念，再对照材料补全","材料任务需要以证据支持判断。","humanities-source","待教研复核"
"政治","哲学与文化","探索世界与把握规律","语言","语言","","学科通用任务框架；具体节点待教研复核。","无具体路径规则","待教研复核"
"政治","哲学与文化","认识世界与价值选择","语言","语言","","学科通用任务框架；具体节点待教研复核。","无具体路径规则","待教研复核"
"政治","哲学与文化","文化传承与文化创新","语言","语言","记忆：先回想并写下相关概念，再对照材料补全；推演：先连接已知条件，写出每一步能推出什么","直接任务是理解与表达，记忆和推演提供支持。","humanities-knowledge","待教研复核"
"政治","当代国际政治与经济","各具特色的国家","语言","语言","记忆：先回想并写下相关概念，再对照材料补全；推演：先连接已知条件，写出每一步能推出什么","直接任务是理解与表达，记忆和推演提供支持。","humanities-knowledge","待教研复核"
"政治","当代国际政治与经济","政治多极化","语言","语言","记忆：先回想并写下相关概念，再对照材料补全；推演：先连接已知条件，写出每一步能推出什么","直接任务是理解与表达，记忆和推演提供支持。","humanities-knowledge","待教研复核"
"政治","当代国际政治与经济","经济全球化","语言","语言","记忆：先回想并写下相关概念，再对照材料补全；推演：先连接已知条件，写出每一步能推出什么","直接任务是理解与表达，记忆和推演提供支持。","humanities-knowledge","待教研复核"
"政治","当代国际政治与经济","国际组织","语言","语言","记忆：先回想并写下相关概念，再对照材料补全；推演：先连接已知条件，写出每一步能推出什么","直接任务是理解与表达，记忆和推演提供支持。","humanities-knowledge","待教研复核"
"政治","法律与生活","民事权利与民事义务","推演","推演、语言","语言：先用自己的话说清题目要求，再找出对应信息；记忆：先回想并写下相关概念，再对照材料补全","材料任务需要以证据支持判断。","humanities-source","待教研复核"
"政治","法律与生活","家庭与婚姻","语言","语言","","学科通用任务框架；具体节点待教研复核。","无具体路径规则","待教研复核"
"政治","法律与生活","就业与创业","语言","语言","","学科通用任务框架；具体节点待教研复核。","无具体路径规则","待教研复核"
"政治","法律与生活","社会争议解决","推演","推演、语言","语言：先用自己的话说清题目要求，再找出对应信息；记忆：先回想并写下相关概念，再对照材料补全","材料任务需要以证据支持判断。","humanities-source","待教研复核"
"政治","逻辑与思维","树立科学思维观念","推演","推演、语言","语言：先用自己的话说清题目要求，再找出对应信息；记忆：先回想并写下相关概念，再对照材料补全","材料任务需要以证据支持判断。","humanities-source","待教研复核"
"政治","逻辑与思维","遵循逻辑思维规则","推演","推演、语言","语言：先用自己的话说清题目要求，再找出对应信息；记忆：先回想并写下相关概念，再对照材料补全","材料任务需要以证据支持判断。","humanities-source","待教研复核"
"政治","逻辑与思维","运用辩证思维方法","推演","推演、语言","语言：先用自己的话说清题目要求，再找出对应信息；记忆：先回想并写下相关概念，再对照材料补全","材料任务需要以证据支持判断。","humanities-source","待教研复核"
"政治","逻辑与思维","提高创新思维元能力","推演","推演、语言","语言：先用自己的话说清题目要求，再找出对应信息；记忆：先回想并写下相关概念，再对照材料补全","材料任务需要以证据支持判断。","humanities-source","待教研复核"
"地理","模块一 内外力作用与地貌","岩石圈物质循环","空间","空间","","学科通用任务框架；具体节点待教研复核。","无具体路径规则","待教研复核"
"地理","模块一 内外力作用与地貌","内力作用与地貌","空间","空间","推演：先连接已知条件，写出每一步能推出什么；记忆：先回想并写下相关概念，再对照材料补全","地图、位置和区域联系是直接任务对象。","geography-space","待教研复核"
"地理","模块一 内外力作用与地貌","外力作用与地貌","空间","空间","推演：先连接已知条件，写出每一步能推出什么；记忆：先回想并写下相关概念，再对照材料补全","地图、位置和区域联系是直接任务对象。","geography-space","待教研复核"
"地理","模块二 大气与气候","大气","空间","空间","推演：先连接已知条件，写出每一步能推出什么；记忆：先回想并写下相关概念，再对照材料补全","地图、位置和区域联系是直接任务对象。","geography-space","待教研复核"
"地理","模块二 大气与气候","热力环流","空间","空间","","学科通用任务框架；具体节点待教研复核。","无具体路径规则","待教研复核"
"地理","模块二 大气与气候","气压带风带","空间","空间","","学科通用任务框架；具体节点待教研复核。","无具体路径规则","待教研复核"
"地理","模块二 大气与气候","季风环流","空间","空间","","学科通用任务框架；具体节点待教研复核。","无具体路径规则","待教研复核"
"地理","模块二 大气与气候","全球气候类型","空间","空间","推演：先连接已知条件，写出每一步能推出什么；记忆：先回想并写下相关概念，再对照材料补全","地图、位置和区域联系是直接任务对象。","geography-space","待教研复核"
"地理","模块二 大气与气候","天气系统","空间","空间","","学科通用任务框架；具体节点待教研复核。","无具体路径规则","待教研复核"
"地理","模块三 水循环","水循环","空间","空间","","学科通用任务框架；具体节点待教研复核。","无具体路径规则","待教研复核"
"地理","模块三 水循环","陆地水体","空间","空间","推演：先连接已知条件，写出每一步能推出什么；记忆：先回想并写下相关概念，再对照材料补全","地图、位置和区域联系是直接任务对象。","geography-space","待教研复核"
"地理","模块三 水循环","海洋水体","空间","空间","推演：先连接已知条件，写出每一步能推出什么；记忆：先回想并写下相关概念，再对照材料补全","地图、位置和区域联系是直接任务对象。","geography-space","待教研复核"
"地理","模块四 自然地理整体性与差异性","自然地理整体性","空间","空间","推演：先连接已知条件，写出每一步能推出什么；记忆：先回想并写下相关概念，再对照材料补全","地图、位置和区域联系是直接任务对象。","geography-space","待教研复核"
"地理","模块四 自然地理整体性与差异性","自然地理差异性","空间","空间","推演：先连接已知条件，写出每一步能推出什么；记忆：先回想并写下相关概念，再对照材料补全","地图、位置和区域联系是直接任务对象。","geography-space","待教研复核"
"地理","模块五 自然灾害与地理信息技术","自然灾害","空间","空间","","学科通用任务框架；具体节点待教研复核。","无具体路径规则","待教研复核"
"地理","模块五 自然灾害与地理信息技术","地理信息技术","数理","数理、空间","推演：先连接已知条件，写出每一步能推出什么；空间：先画出对象和位置，标出题目给出的条件","数据变化是直接对象，推演与空间定位提供支持。","geography-data","待教研复核"
"地理","模块六 人口","人口","数理","数理、空间","推演：先连接已知条件，写出每一步能推出什么；空间：先画出对象和位置，标出题目给出的条件","数据变化是直接对象，推演与空间定位提供支持。","geography-data","待教研复核"
"地理","模块七 城镇化","城镇化","空间","空间","推演：先连接已知条件，写出每一步能推出什么；记忆：先回想并写下相关概念，再对照材料补全","地图、位置和区域联系是直接任务对象。","geography-space","待教研复核"
"地理","模块八 产业区位因素","产业区位因素","空间","空间","推演：先连接已知条件，写出每一步能推出什么；记忆：先回想并写下相关概念，再对照材料补全","地图、位置和区域联系是直接任务对象。","geography-space","待教研复核"
"地理","模块九 交通运输业","交通运输业","空间","空间","推演：先连接已知条件，写出每一步能推出什么；记忆：先回想并写下相关概念，再对照材料补全","地图、位置和区域联系是直接任务对象。","geography-space","待教研复核"
"地理","模块十 能源资源开发","能源产业","数理","数理、空间","推演：先连接已知条件，写出每一步能推出什么；空间：先画出对象和位置，标出题目给出的条件","数据变化是直接对象，推演与空间定位提供支持。","geography-data","待教研复核"
"地理","模块十 能源资源开发","资源产业","数理","数理、空间","推演：先连接已知条件，写出每一步能推出什么；空间：先画出对象和位置，标出题目给出的条件","数据变化是直接对象，推演与空间定位提供支持。","geography-data","待教研复核"
"地理","模块十一 区域发展","我国的区域协调发展战略","空间","空间","推演：先连接已知条件，写出每一步能推出什么；记忆：先回想并写下相关概念，再对照材料补全","地图、位置和区域联系是直接任务对象。","geography-space","待教研复核"
"地理","模块十二 地球运动","自转、公转、月相运动","空间","空间","推演：先连接已知条件，写出每一步能推出什么；记忆：先回想并写下相关概念，再对照材料补全","地图、位置和区域联系是直接任务对象。","geography-space","待教研复核"
"技术","数据与计算","进制转化及编码","数理","数理","推演：先连接已知条件，写出每一步能推出什么","任务对象是数据与数量关系。","science-calculation","待教研复核"
"技术","数据与计算","多媒体容量计算","数理","数理","推演：先连接已知条件，写出每一步能推出什么","任务对象是数据与数量关系。","science-calculation","待教研复核"
"技术","数据与计算","人工智能","推演","推演","","学科通用任务框架；具体节点待教研复核。","无具体路径规则","待教研复核"
"技术","数据与计算","Python语句的综合应用","数理","数理","推演：先连接已知条件，写出每一步能推出什么","任务对象是数据与数量关系。","science-calculation","待教研复核"
"技术","数据与计算","pandas模块与数据处理","数理","数理","推演：先连接已知条件，写出每一步能推出什么","任务对象是数据与数量关系。","science-calculation","待教研复核"
"技术","信息系统的搭建","信息系统综合应用","空间","空间","推演：先连接已知条件，写出每一步能推出什么；记忆：先回想并写下相关概念，再对照材料补全","任务直接处理组成结构与连接关系。","science-structure","待教研复核"
"技术","数据与数据结构","常见字符串处理","推演","推演","","学科通用任务框架；具体节点待教研复核。","无具体路径规则","待教研复核"
"技术","数据与数据结构","数组与链表的代码实现","推演","推演","","学科通用任务框架；具体节点待教研复核。","无具体路径规则","待教研复核"
"技术","数据与数据结构","栈与队列的代码实现","推演","推演","","学科通用任务框架；具体节点待教研复核。","无具体路径规则","待教研复核"
"技术","数据与数据结构","排序算法的代码实现","数理","数理","推演：先连接已知条件，写出每一步能推出什么","任务对象是数据与数量关系。","science-calculation","待教研复核"
"技术","数据与数据结构","二叉树与二分查找的代码实现","推演","推演","","学科通用任务框架；具体节点待教研复核。","无具体路径规则","待教研复核"
"技术","数据与数据结构","迭代算法与递归算法","数理","数理","推演：先连接已知条件，写出每一步能推出什么","任务对象是数据与数量关系。","science-calculation","待教研复核"
"技术","技术与设计1","技术与设计","推演","推演","","学科通用任务框架；具体节点待教研复核。","无具体路径规则","待教研复核"
"技术","技术与设计1","设计的一般过程","推演","推演","","学科通用任务框架；具体节点待教研复核。","无具体路径规则","待教研复核"
"技术","技术与设计1","人机关系","推演","推演","","学科通用任务框架；具体节点待教研复核。","无具体路径规则","待教研复核"
"技术","技术与设计1","图样绘制与模型制作","推演","推演","","学科通用任务框架；具体节点待教研复核。","无具体路径规则","待教研复核"
"技术","技术与设计2","结构及其设计","空间","空间","推演：先连接已知条件，写出每一步能推出什么；记忆：先回想并写下相关概念，再对照材料补全","任务直接处理组成结构与连接关系。","science-structure","待教研复核"
"技术","技术与设计2","系统与控制设计","空间","空间","推演：先连接已知条件，写出每一步能推出什么；记忆：先回想并写下相关概念，再对照材料补全","任务直接处理组成结构与连接关系。","science-structure","待教研复核"
"技术","电子控制技术","电子元器件","推演","推演","","学科通用任务框架；具体节点待教研复核。","无具体路径规则","待教研复核"
"技术","电子控制技术","门电路和触发器","空间","空间","推演：先连接已知条件，写出每一步能推出什么；记忆：先回想并写下相关概念，再对照材料补全","任务直接处理组成结构与连接关系。","science-structure","待教研复核"
"技术","电子控制技术","二极管和三极管","推演","推演","","学科通用任务框架；具体节点待教研复核。","无具体路径规则","待教研复核"
"技术","电子控制技术","综合电路","空间","空间","推演：先连接已知条件，写出每一步能推出什么；记忆：先回想并写下相关概念，再对照材料补全","任务直接处理组成结构与连接关系。","science-structure","待教研复核"